{"cameraMode":{"drawMode":0,"name":"Shaded","section":"Shading Mode"},"sceneLighting":true,"audioPlay":false,"sceneViewState":{"m_AlwaysRefresh":false,"showFog":true,"showSkybox":true,"showFlares":true,"showImageEffects":true,"showParticleSystems":true,"showVisualEffectGraphs":true,"m_FxEnabled":true},"in2DMode":false,"pivot":{"x":1.7374086380004883,"y":3.4753875732421877,"z":0.3571300506591797},"rotation":{"x":-0.05559929832816124,"y":0.8181799650192261,"z":-0.08028130233287811,"w":-0.5666187405586243},"size":9.540594100952149,"orthographic":false}